<?xml version="1.0" encoding="UTF-8"?>
<manifest xmlns="http://www.imsglobal.org/xsd/imsccv1p2/imscp_v1p1" xmlns:lomimscc="http://ltsc.ieee.org/xsd/imsccv1p2/LOM/manifest" xmlns:lom="http://ltsc.ieee.org/xsd/imsccv1p2/LOM/resource" xmlns:xsi="http://www.w3.org/2001/XMLSchema-instance" identifier="an identifier" xsi:schemaLocation="http://www.imsglobal.org/xsd/imsccv1p2/imscp_v1p1 http://www.imsglobal.org/profile/cc/ccv1p2/ccv1p2_imscp_v1p2_v1p0.xsd http://ltsc.ieee.org/xsd/imsccv1p2/LOM/resource http://www.imsglobal.org/profile/cc/ccv1p2/LOM/ccv1p2_lomresource_v1p0.xsd http://ltsc.ieee.org/xsd/imsccv1p2/LOM/manifest http://www.imsglobal.org/profile/cc/ccv1p2/LOM/ccv1p2_lommanifest_v1p0.xsd">
  <metadata>
    <schema>IMS Common Cartridge</schema>
    <schemaversion>1.2.0</schemaversion>
    <lomimscc:lom>
      <lomimscc:general>
        <lomimscc:title>
          <lomimscc:string language="en-US">My cartridge</lomimscc:string>
        </lomimscc:title>
        <lomimscc:description/>
      </lomimscc:general>
      <rights/>
    </lomimscc:lom>
  </metadata>
  <organizations>
    <organization identifier="" structure="rooted-hierarchy">
      <item identifier="root"/>
    </organization>
  </organizations>
  <resources/>
</manifest>
